[
  {
    "id": "ef1f9f4f-c4d8-4c2a-8297-5c8f4f4f08c2",
    "data": [
      {
        "text": "Please ",
        "userDefined": false
      },
      {
        "text": "help",
        "alias": "emergency",
        "meta": "@emergency",
        "userDefined": false
      },
      {
        "text": " me",
        "userDefined": false
      }
    ],
    "isTemplate": false,
    "count": 0,
    "updated": 1529746217
  },
  {
    "id": "83ae7299-7227-440e-9430-27acf65a9a71",
    "data": [
      {
        "text": "Emergency",
        "alias": "emergency",
        "meta": "@emergency",
        "userDefined": false
      }
    ],
    "isTemplate": false,
    "count": 0,
    "updated": 1529746217
  },
  {
    "id": "74f6b13a-85e9-4504-a1e6-c27ef1b9f8b3",
    "data": [
      {
        "text": "Save me",
        "alias": "emergency",
        "meta": "@emergency",
        "userDefined": false
      }
    ],
    "isTemplate": false,
    "count": 0,
    "updated": 1529746217
  },
  {
    "id": "fe7fa05e-cc17-4446-a4a8-08957bb1e6ff",
    "data": [
      {
        "text": "Help",
        "alias": "emergency",
        "meta": "@emergency",
        "userDefined": false
      }
    ],
    "isTemplate": false,
    "count": 0,
    "updated": 1529746217
  },
  {
    "id": "a03ba056-3b47-457d-b23a-1b6a021e09a2",
    "data": [
      {
        "text": "help",
        "alias": "emergency",
        "meta": "@emergency",
        "userDefined": false
      },
      {
        "text": " me",
        "userDefined": false
      }
    ],
    "isTemplate": false,
    "count": 0,
    "updated": 1529746217
  }
]